{
    "standard_capsule": {
        "name": "Standard Capsule",
        "effect": "catch_rate_boost",
        "multiplier": 1.0,
        "description": "A basic Veramon-catching device."
    },
    "ultra_capsule": {
        "name": "Ultra Capsule",
        "effect": "catch_rate_boost",
        "multiplier": 1.5,
        "description": "Increases your chances of capturing Veramon."
    },
    "golden_lure": {
        "name": "Golden Lure",
        "effect": "rarity_boost",
        "multiplier": 2.0,
        "description": "Increases odds of rare Veramon encounters (5 uses)."
    }
}