{
    "Froakid": {
        "name": "Froakid",
        "type": [
            "Water"
        ],
        "rarity": "common",
        "catch_rate": 0.8,
        "biomes": [
            "lake",
            "forest"
        ],
        "base_stats": {
            "hp": 45,
            "atk": 48,
            "def": 42
        },
        "shiny_rate": 0.0005,
        "flavor": "Playful and fast in shallow waters."
    },
    "Blazimp": {
        "name": "Blazimp",
        "type": [
            "Fire"
        ],
        "rarity": "uncommon",
        "catch_rate": 0.6,
        "biomes": [
            "volcano"
        ],
        "base_stats": {
            "hp": 52,
            "atk": 60,
            "def": 40
        },
        "shiny_rate": 0.0005,
        "flavor": "Leaves a trail of embers with each step."
    }
}